station_name,collectioncode,seriescode,ocean,station_type,latitude,longitude,depth,stationstatus,stationclass,first_year,last_year,locality,rcvr_serial,map_code
A-BAY,PIRAT.PFRL,PIRAT,MID PACIFIC,Acoustic,19.94,-155.87,unknown,active,deployed,2003-11-25,2004-06-02,,,
AIRPORTWEST,PIRAT.LHWI,PIRAT,MID PACIFIC,Transceiver,19.76259,-156.08235,128.016,active,deployed,2020-10-16,,,,
BLACK POINT,PIRAT.PFRL,PIRAT,MID PACIFIC,Acoustic,20.10562,-155.88475,unknown,active,deployed,2003-06-13,2012-03-20,,,
COOK POINT,PIRAT.PFRL,PIRAT,MID PACIFIC,Acoustic,19.4828,-155.944,unknown,active,deployed,2008-01-15,2008-03-03,,,
DROPPEDTAG1,PIRAT.LHWI,PIRAT,MID PACIFIC,,19.57183,-156.00275,1000,active,deployed,,,,,
DROPPEDTAG2,PIRAT.LHWI,PIRAT,MID PACIFIC,,19.57183,-156.00275,1000,active,deployed,,,,,
ELECTRIC BEACH,PIRAT.PFRL,PIRAT,MID PACIFIC,Acoustic,21.35558,-158.141,unknown,active,deployed,2007-02-09,2009-07-02,,,
FAD B,PIRAT.HCTP,PIRAT,MID PACIFIC,Acoustic,19.1983,-155.94833,2000,active,deployed,2018-03-27,2025-06-27,,,
FAD BO,PIRAT.HCTP,PIRAT,MID PACIFIC,Acoustic,21.15,-158.152,2000.0,active,deployed,2021-11-19,2025-06-09,,,
FAD C,PIRAT.HCTP,PIRAT,MID PACIFIC,Acoustic,19.385,-155.98667,2000.0,active,deployed,2017-01-10,2025-06-27,,,
FAD CO,PIRAT.HCTP,PIRAT,MID PACIFIC,Acoustic,21.5617,-158.4467,2000.0,active,deployed,2021-11-12,2025-06-11,,,
FAD F,PIRAT.HCTP,PIRAT,MID PACIFIC,Acoustic,19.506,-156.15666,2000.0,active,deployed,2018-03-27,2025-06-26,,,
FAD HH,PIRAT.HCTP,PIRAT,MID PACIFIC,Acoustic,21.035,-158.035,2000.0,active,deployed,2021-10-10,2025-06-09,,,
FAD II,PIRAT.HCTP,PIRAT,MID PACIFIC,Acoustic,21.7466,-158.222,2000,active,deployed,2022-02-14,2025-06-11,,,
FAD J,PIRAT.HCTP,PIRAT,MID PACIFIC,Acoustic,21.8333,-158.1467,2000.0,active,deployed,2021-11-12,2025-06-07,,,
FAD LL,PIRAT.PFRL,PIRAT,MID PACIFIC,Acoustic,21.74833,-157.755,unknown,active,deployed,2008-03-13,2011-01-28,,,
FAD MM,PIRAT.HCTP,PIRAT,MID PACIFIC,Acoustic,21.6067,-157.52,2000,active,deployed,2018-06-06,2025-06-07,,,
FAD OT,PIRAT.HCTP,PIRAT,MID PACIFIC,Acoustic,19.87667,-156.19333,2000.0,active,deployed,2017-04-24,2025-07-24,,,
FAD P,PIRAT.HCTP,PIRAT,MID PACIFIC,Acoustic,20.773,-157.8116,2000,active,deployed,2021-10-13,,,,
FAD R,PIRAT.HCTP,PIRAT,MID PACIFIC,Acoustic,21.45833,-158.28166,2000,active,deployed,2022-02-14,2025-06-12,,,
FAD S,PIRAT.HCTP,PIRAT,MID PACIFIC,Acoustic,21.39667,-158.24667,2000.0,active,deployed,2020-09-10,2025-06-12,,,
FAD T,PIRAT.HCTP,PIRAT,MID PACIFIC,Acoustic,21.48,-157.48,2000,active,deployed,2017-12-14,,,,
FAD TT,PIRAT.HCTP,PIRAT,MID PACIFIC,Acoustic,19.07667,-155.95667,2000.0,active,deployed,2018-05-23,,,,
FAD U,PIRAT.HCTP,PIRAT,MID PACIFIC,Acoustic,21.58167,-157.69167,2000,active,deployed,2018-06-06,,,,
FAD UU,PIRAT.HCTP,PIRAT,MID PACIFIC,Acoustic,19.28,-155.95167,2000.0,active,deployed,2017-01-11,2025-06-27,,,
FAD V,PIRAT.HCTP,PIRAT,MID PACIFIC,Acoustic,21.5383,-158.313,2000,active,deployed,2022-02-14,2025-06-12,,,
FAD VV,PIRAT.HCTP,PIRAT,MID PACIFIC,Acoustic,19.585,-156.03167,2000.0,active,deployed,2017-12-08,2025-06-26,,,
FAD X,PIRAT.HCTP,PIRAT,MID PACIFIC,Acoustic,21.86333,-157.99333,2000.0,active,deployed,2018-06-06,2025-06-07,,,
FAD XX,PIRAT.HCTP,PIRAT,MID PACIFIC,Acoustic,20.03666,-156.10333,2000,active,deployed,2017-04-24,2025-06-26,,,
FAD ZZ,PIRAT.HCTP,PIRAT,MID PACIFIC,Acoustic,19.9483,-155.965,2000,active,deployed,2023-09-25,,,,
FAIRWIND MOORING,PIRAT.PFRL,PIRAT,MID PACIFIC,Acoustic,19.48203,-155.93244,unknown,active,deployed,2005-12-10,2010-12-19,,,
FFS BIG GIN BAY,PIRAT.PFRL,PIRAT,MID PACIFIC,Acoustic,23.73355,-166.16612,unknown,active,deployed,2009-07-02,2012-07-08,,,
FFS BIG GIN POINT,PIRAT.PFRL,PIRAT,MID PACIFIC,Acoustic,23.73542,-166.16696,unknown,active,deployed,2009-07-02,2016-08-31,,,
FFS EAST ISLAND,PIRAT.PFRL,PIRAT,MID PACIFIC,Acoustic,23.78686,-166.20709,unknown,active,deployed,2005-05-17,2019-07-18,,,
FFS EAST TERN,PIRAT.PFRL,PIRAT,MID PACIFIC,Acoustic,23.87135,-166.28203,unknown,active,deployed,2009-07-21,2012-07-10,,,
FFS GINS DEEP,PIRAT.PFRL,PIRAT,MID PACIFIC,Acoustic,23.72615,-166.18963,unknown,active,deployed,2008-06-07,2017-09-10,,,
FFS LA PEROUSE,PIRAT.PFRL,PIRAT,MID PACIFIC,Acoustic,23.76945,-166.20621,unknown,active,deployed,2005-05-17,2009-06-12,,,
FFS NE OF LA PEROUSE,PIRAT.PFRL,PIRAT,MID PACIFIC,Acoustic,23.80545,-166.26106,unknown,active,deployed,2009-07-01,2017-09-09,,,
FFS NORTH OF TRIG,PIRAT.PFRL,PIRAT,MID PACIFIC,Acoustic,23.88609,-166.22641,unknown,active,deployed,2009-07-03,2013-05-27,,,
FFS NORTHERN BARRIER REEF,PIRAT.PFRL,PIRAT,MID PACIFIC,Acoustic,23.88183,-166.29223,unknown,active,deployed,2008-08-03,2011-09-19,,,
FFS Rapture Meso,PIRAT.PFRL,PIRAT,MID PACIFIC,Acoustic,23.63033,-166.18883,unknown,active,deployed,2014-09-11,2016-06-12,,,
FFS Rapture Reef,PIRAT.PFRL,PIRAT,MID PACIFIC,Acoustic,23.63509,-166.1857,unknown,active,deployed,2005-05-17,2019-08-29,,,
FFS Round & Mullet,PIRAT.PFRL,PIRAT,MID PACIFIC,Acoustic,23.82747,-166.22857,unknown,active,deployed,2008-06-08,2019-07-18,,,
FFS SE MESO,PIRAT.PFRL,PIRAT,MID PACIFIC,Acoustic,23.61811,-166.13981,unknown,active,deployed,2015-09-07,2016-06-12,,,
FFS SE OF LA PEROUSE,PIRAT.PFRL,PIRAT,MID PACIFIC,Acoustic,23.74926,-166.21773,unknown,active,deployed,2009-07-01,2019-07-18,,,
FFS SOUTH OF DISAPPEARING ISLAND,PIRAT.PFRL,PIRAT,MID PACIFIC,Acoustic,23.62931,-166.19521,unknown,active,deployed,2018-07-05,2019-07-19,,,
FFS SW Meso,PIRAT.PFRL,PIRAT,MID PACIFIC,Acoustic,23.63191,-166.20595,unknown,active,deployed,2014-09-11,,,,
FFS SW SHALLOW,PIRAT.PFRL,PIRAT,MID PACIFIC,Acoustic,23.63764,-166.2076,unknown,active,deployed,2014-09-11,2017-09-10,,,
FFS TERN ISLAND,PIRAT.PFRL,PIRAT,MID PACIFIC,Acoustic,23.86664,-166.2882,unknown,active,deployed,2005-05-18,2017-09-09,,,
FFS TRIG ISLAND,PIRAT.PFRL,PIRAT,MID PACIFIC,Acoustic,23.86945,-166.24158,unknown,active,deployed,2005-05-19,2019-07-20,,,
FFS TRIG SHALLOW 1,PIRAT.PFRL,PIRAT,MID PACIFIC,Acoustic,23.87206,-166.24529,unknown,active,deployed,2009-07-31,2012-07-10,,,
FFS TRIG SHALLOW 10,PIRAT.PFRL,PIRAT,MID PACIFIC,Acoustic,23.87135,-166.24435,unknown,active,deployed,2009-05-21,2012-07-10,,,
FFS TRIG SHALLOW 2,PIRAT.PFRL,PIRAT,MID PACIFIC,Acoustic,23.87237,-166.24432,unknown,active,deployed,2009-05-21,2012-07-10,,,
FFS TRIG SHALLOW 3,PIRAT.PFRL,PIRAT,MID PACIFIC,Acoustic,23.8722,-166.24353,unknown,active,deployed,2009-05-21,2012-07-10,,,
FFS TRIG SHALLOW 4,PIRAT.PFRL,PIRAT,MID PACIFIC,Acoustic,23.87205,-166.24297,unknown,active,deployed,2009-05-21,2012-07-10,,,
FFS TRIG SHALLOW 5,PIRAT.PFRL,PIRAT,MID PACIFIC,Acoustic,23.872,-166.24205,unknown,active,deployed,2009-05-21,2012-09-01,,,
FFS TRIG SHALLOW 6,PIRAT.PFRL,PIRAT,MID PACIFIC,Acoustic,23.87194,-166.24138,unknown,active,deployed,2009-07-06,2012-09-01,,,
FFS TRIG SHALLOW 7,PIRAT.PFRL,PIRAT,MID PACIFIC,Acoustic,23.87127,-166.24102,unknown,active,deployed,2009-05-21,2012-09-01,,,
FFS TRIG SHALLOW 8,PIRAT.PFRL,PIRAT,MID PACIFIC,Acoustic,23.87117,-166.2422,unknown,active,deployed,2009-05-24,2012-09-01,,,
FFS TRIG SHALLOW 9,PIRAT.PFRL,PIRAT,MID PACIFIC,Acoustic,23.87124,-166.24323,unknown,active,deployed,2009-07-06,2012-07-10,,,
FFS-FFS SE MESO,PIRAT.PFRL,PIRAT,MID PACIFIC,Acoustic,23.61809,-166.13956,unknown,active,deployed,2014-09-11,,,,
FISH POINT,PIRAT.PFRL,PIRAT,MID PACIFIC,Acoustic,19.47818,-155.93432,unknown,active,deployed,2005-12-10,2012-03-21,,,
FRANK PARRISH MAUI DAN,PIRAT.PFRL,PIRAT,MID PACIFIC,Acoustic,20.80937,-156.68153,unknown,active,deployed,2009-07-29,2010-07-08,,,
FRANK PARRISH MAUI EMILY,PIRAT.PFRL,PIRAT,MID PACIFIC,Acoustic,20.79847,-156.68635,unknown,active,deployed,2009-07-30,2010-07-08,,,
FRANK PARRISH MAUI RAY,PIRAT.PFRL,PIRAT,MID PACIFIC,Acoustic,20.80608,-156.6497,unknown,active,deployed,2009-07-30,2010-07-08,,,
FRANK PARRISH MAUI SHALLOW,PIRAT.PFRL,PIRAT,MID PACIFIC,Acoustic,20.80713,-156.68453,unknown,active,deployed,2008-08-06,2009-07-25,,,
GARDEN EELS,PIRAT.PFRL,PIRAT,MID PACIFIC,Acoustic,19.737,-156.05452,unknown,active,deployed,2002-11-24,2009-09-10,,,
GARDNER WEST COVE,PIRAT.PFRL,PIRAT,MID PACIFIC,Acoustic,24.99834,-167.99982,unknown,active,deployed,2006-09-06,2007-07-11,,,
HALEIWA TRENCH,PIRAT.PFRL,PIRAT,MID PACIFIC,Acoustic,21.59482,-158.11079,unknown,active,deployed,2007-05-09,2008-09-12,,,
HAWAII KAI,PIRAT.HCTP,PIRAT,MID PACIFIC,Acoustic,21.2383,-157.7175,30.0,active,deployed,2021-09-25,2022-05-21,,,
HAWAII SHARK ENCOUNTERS BUOY,PIRAT.PFRL,PIRAT,MID PACIFIC,Transceiver,21.64112,-158.13047,unknown,active,deployed,2007-10-19,2024-04-16,,,
HILOBAY,PIRAT.LHWI,PIRAT,MID PACIFIC,Transceiver,19.74406,-155.07884,17.3736,active,deployed,2021-03-27,2025-03-01,,,
HIMB DOLPHIN WALL,PIRAT.PFRL,PIRAT,MID PACIFIC,Acoustic,21.43318,-157.79146,unknown,active,deployed,2011-12-14,2014-04-16,,,
HIMB EAST WALL,PIRAT.PFRL,PIRAT,MID PACIFIC,Acoustic,21.4357,-157.78654,unknown,active,deployed,2012-02-01,2012-11-02,,,
HIMB LIGHTHOUSE CHANNEL,PIRAT.PFRL,PIRAT,MID PACIFIC,Acoustic,21.43229,-157.79027,unknown,active,deployed,2011-12-14,2014-04-16,,,
HIMB NORTH COVE,PIRAT.PFRL,PIRAT,MID PACIFIC,Acoustic,21.43773,-157.78981,unknown,active,deployed,2012-10-24,2014-04-16,,,
HIMB NW WALL,PIRAT.PFRL,PIRAT,MID PACIFIC,Acoustic,21.43675,-157.79121,unknown,active,deployed,2011-12-14,2012-10-24,,,
HIMB POACHERS COVE,PIRAT.PFRL,PIRAT,MID PACIFIC,Acoustic,21.43419,-157.79082,unknown,active,deployed,2011-12-14,2014-04-16,,,
HIMB POINT LAB,PIRAT.PFRL,PIRAT,MID PACIFIC,Acoustic,21.4329,-157.78626,unknown,active,deployed,2012-02-01,2014-04-16,,,
HIMB REEF 3 NORTH,PIRAT.PFRL,PIRAT,MID PACIFIC,Acoustic,21.43779,-157.7933,unknown,active,deployed,2012-02-24,2014-04-16,,,
HIMB REEF 3 SOUTH,PIRAT.PFRL,PIRAT,MID PACIFIC,Acoustic,21.43436,-157.79351,unknown,active,deployed,2012-02-24,2014-04-16,,,
HIMB REEF 8 EAST,PIRAT.PFRL,PIRAT,MID PACIFIC,Acoustic,21.44353,-157.79193,unknown,active,deployed,2012-02-24,2014-04-16,,,
HIMB REEF 8 NORTH,PIRAT.PFRL,PIRAT,MID PACIFIC,Acoustic,21.44608,-157.79545,unknown,active,deployed,2012-02-24,2012-10-24,,,
HIMB REEF 8 SOUTH,PIRAT.PFRL,PIRAT,MID PACIFIC,Acoustic,21.43995,-157.79244,unknown,active,deployed,2012-11-02,2014-04-16,,,
HIMB REEF 8 WEST,PIRAT.PFRL,PIRAT,MID PACIFIC,Acoustic,21.44196,-157.79625,unknown,active,deployed,2012-10-24,2014-04-16,,,
HIMB SE WALL,PIRAT.PFRL,PIRAT,MID PACIFIC,Acoustic,21.43128,-157.78691,unknown,active,deployed,2012-02-01,2014-04-16,,,
HIMB SOUTH EAST,PIRAT.PFRL,PIRAT,MID PACIFIC,Acoustic,21.43453,-157.78382,unknown,active,deployed,2011-08-02,2018-09-19,,,
HIMB SOUTH POINT,PIRAT.PFRL,PIRAT,MID PACIFIC,Acoustic,21.42974,-157.78835,unknown,active,deployed,2012-02-01,2014-04-16,,,
HIMB SW WALL,PIRAT.PFRL,PIRAT,MID PACIFIC,Acoustic,21.43042,-157.79013,unknown,active,deployed,2012-02-01,2014-04-16,,,
HIMB South East,PIRAT.PFRL,PIRAT,MID PACIFIC,,21.43453,-157.78382,unknown,active,deployed,,,,,
HIMB WEST COVE,PIRAT.PFRL,PIRAT,MID PACIFIC,Acoustic,21.43511,-157.79115,unknown,active,deployed,2011-12-14,2014-04-16,,,
HONAUNAU,PIRAT.LHWI,PIRAT,MID PACIFIC,Transceiver,19.42299,-155.91919,107.8992,active,deployed,2020-10-17,2025-08-29,,,
HONOKOHAU BASIN,PIRAT.PFRL,PIRAT,MID PACIFIC,Acoustic,19.66997,-156.02672,unknown,active,deployed,2003-06-26,,,,
HONOKOHAU CHANNEL,PIRAT.PFRL,PIRAT,MID PACIFIC,Acoustic,19.66865,-156.02965,unknown,active,deployed,2003-08-19,2008-08-16,,,
HONOKOWAI DEEP,PIRAT.PFRL,PIRAT,MID PACIFIC,Acoustic,20.97426,-156.68391,unknown,active,deployed,2014-07-22,2017-03-14,,,
HONOKOWAI SHALLOW,PIRAT.PFRL,PIRAT,MID PACIFIC,Acoustic,20.97911,-156.71402,unknown,active,deployed,2014-07-21,2019-04-07,,,
HSE,PIRAT.PFRL,PIRAT,MID PACIFIC,Transceiver,21.64377,-158.11914,100,active,deployed,2024-04-16,,,,
IN CON,PIRAT.PFRL,PIRAT,MID PACIFIC,Transceiver,21.61301,-158.14077,unknown,active,deployed,2022-08-15,,,,
IV,PIRAT.PFRL,PIRAT,MID PACIFIC,Transceiver,21.63454,-158.12318,unknown,active,deployed,2020-12-29,,,,
JOHNSTON SHARK LEDGE,PIRAT.PFRL,PIRAT,MID PACIFIC,Acoustic,25.46057,-170.68168,unknown,active,deployed,2009-06-20,2011-09-11,,,
KAENA POINT,PIRAT.LHWI,PIRAT,MID PACIFIC,Transceiver,21.58629,-158.35048,98.7552,active,deployed,2022-03-02,2024-05-20,,,
KAIWI PT MIDDLE,PIRAT.PFRL,PIRAT,MID PACIFIC,Acoustic,19.65583,-156.03387,unknown,active,deployed,2002-11-28,2012-03-22,,,
KAIWI PT NORTH,PIRAT.PFRL,PIRAT,MID PACIFIC,Acoustic,19.66207,-156.03168,unknown,active,deployed,2003-06-27,2010-12-18,,,
KAIWI PT SOUTH,PIRAT.PFRL,PIRAT,MID PACIFIC,Acoustic,19.64628,-156.02585,unknown,active,deployed,2003-06-30,2008-08-20,,,
KALOKO POINT,PIRAT.PFRL,PIRAT,MID PACIFIC,Acoustic,19.68138,-156.03465,unknown,active,deployed,2003-12-09,2012-03-23,,,
KANAHA SHALLOW,PIRAT.PFRL,PIRAT,MID PACIFIC,Acoustic,20.9084,-156.44199,unknown,active,deployed,2014-01-15,2018-01-25,,,
KAULA ROCK 5 FATHOM PINNACLE,PIRAT.PFRL,PIRAT,MID PACIFIC,Acoustic,21.68698,-160.60312,unknown,active,deployed,2008-06-26,2009-07-02,,,
KBAY GREEN BUOY 23,PIRAT.PFRL,PIRAT,MID PACIFIC,Acoustic,21.44778,-157.79155,unknown,active,deployed,2014-05-21,2018-09-20,,,
KBAY_OFF,PIRAT.LHWI,PIRAT,MID PACIFIC,Transceiver,21.51802,-157.79314,106.07039999999999,active,deployed,2022-05-29,2024-11-23,,,
KEAHOLE POINT,PIRAT.PFRL,PIRAT,MID PACIFIC,Acoustic,19.72,-156.06,unknown,active,deployed,2004-01-06,,,,
KEALAKEKUA BAY LIGHTHOUSE,PIRAT.PFRL,PIRAT,MID PACIFIC,Acoustic,19.47,-155.93,unknown,active,deployed,2007-05-13,,,,
KEALAKEKUA BAY MIDDLE,PIRAT.PFRL,PIRAT,MID PACIFIC,Acoustic,19.47998,-155.92695,unknown,active,deployed,2005-12-10,2010-12-19,,,
KEALAKEKUA BAY NORTH,PIRAT.PFRL,PIRAT,MID PACIFIC,Acoustic,19.4875,-155.95143,unknown,active,deployed,2003-12-14,2012-03-21,,,
KEALAKEKUA_NTH,PIRAT.LHWI,PIRAT,MID PACIFIC,Transceiver,19.48882,-155.95944,118.872,active,deployed,2020-10-17,,,,
KEAUHOU,PIRAT.PFRL,PIRAT,MID PACIFIC,Acoustic,19.55848,-155.96797,unknown,active,deployed,2003-01-12,,,,
KEAUHOU FISH CAGE,PIRAT.HCTP,PIRAT,MID PACIFIC,Acoustic,19.5514,-156.0506,2000.0,active,deployed,2019-07-08,2021-06-25,,,
KEAUHOU FISH CAGE OUTSIDE,PIRAT.HCTP,PIRAT,MID PACIFIC,Acoustic,19.5514,-156.0506,2000.0,active,deployed,2021-06-16,2021-06-25,,,
KEAUHOU_1,PIRAT.LHWI,PIRAT,MID PACIFIC,Acoustic,19.53177,-155.97908,100.584,active,deployed,2020-03-26,2020-10-14,,,
KEAUHOU_2,PIRAT.LHWI,PIRAT,MID PACIFIC,Acoustic,19.54547,-155.98731,84.1248,active,deployed,2020-03-26,2020-10-14,,,
KEAUHOU_3,PIRAT.LHWI,PIRAT,MID PACIFIC,Acoustic,19.5609,-155.98808,80.4672,active,deployed,2020-03-26,2020-10-14,,,
KEAUHOU_MID,PIRAT.LHWI,PIRAT,MID PACIFIC,Transceiver,19.57098,-156.00156,146.304,active,deployed,2020-10-16,2025-08-29,,,
KEAUHOU_NTH,PIRAT.LHWI,PIRAT,MID PACIFIC,Transceiver,19.58677,-156.00586,128.016,active,deployed,2020-10-16,2025-08-29,,,
KEAUHOU_STH,PIRAT.LHWI,PIRAT,MID PACIFIC,Transceiver,19.54549,-155.98735,85.9536,active,deployed,2020-10-16,2025-08-29,,,
KEKAHA KAI STATE PARK,PIRAT.PFRL,PIRAT,MID PACIFIC,Acoustic,19.78425,-156.03905,unknown,active,deployed,2002-11-29,2008-08-18,,,
KIHOLO BAY,PIRAT.PFRL,PIRAT,MID PACIFIC,Acoustic,19.87322,-155.92272,unknown,active,deployed,2003-12-30,2012-03-20,,,
KIPAPA MID,PIRAT.PFRL,PIRAT,MID PACIFIC,Acoustic,21.4972,-157.77452,unknown,active,deployed,2013-11-19,2019-11-27,,,
KONA FISH CAGE,PIRAT.HCTP,PIRAT,MID PACIFIC,Acoustic,19.714,-156.0546,2000.0,active,deployed,2017-10-10,2024-09-24,,,
KONA VILLAGE RESORT,PIRAT.PFRL,PIRAT,MID PACIFIC,Acoustic,19.83627,-155.98648,unknown,active,deployed,2002-11-29,2012-03-20,,,
KOOLINA BARGE,PIRAT.PFRL,PIRAT,MID PACIFIC,Acoustic,21.33065,-158.20115,unknown,active,deployed,2007-02-11,2007-10-01,,,
KUA BAY,PIRAT.PFRL,PIRAT,MID PACIFIC,Acoustic,19.82067,-156.00353,unknown,active,deployed,2003-05-14,2008-08-18,,,
KUKIO,PIRAT.LHWI,PIRAT,MID PACIFIC,Transceiver,19.82762,-156.00957,54.864,active,deployed,2020-10-16,2021-10-28,,,
KURE EASTERN BARRIER REEF,PIRAT.PFRL,PIRAT,MID PACIFIC,Acoustic,28.42502,-178.28172,unknown,active,deployed,2008-08-16,2012-07-17,,,
KURE NORTH BARRIER REEF,PIRAT.PFRL,PIRAT,MID PACIFIC,Acoustic,28.46045,-178.32629,unknown,active,deployed,2008-06-14,2012-07-17,,,
KURE NORTH FLATS,PIRAT.PFRL,PIRAT,MID PACIFIC,Acoustic,28.45215,-178.31523,unknown,active,deployed,2005-06-01,2008-08-12,,,
KURE SE CHANNEL,PIRAT.PFRL,PIRAT,MID PACIFIC,Acoustic,28.38183,-178.3086,unknown,active,deployed,2006-09-18,2012-07-17,,,
KURE WEST CHANNEL,PIRAT.PFRL,PIRAT,MID PACIFIC,Acoustic,28.40388,-178.37508,unknown,active,deployed,2005-06-01,2012-07-17,,,
Kaanapali Deep,PIRAT.PFRL,PIRAT,MID PACIFIC,Acoustic,20.92041,-156.74126,unknown,active,deployed,2014-07-22,2018-01-27,,,
Kahului Deep,PIRAT.PFRL,PIRAT,MID PACIFIC,Acoustic,20.94742,-156.45448,unknown,active,deployed,2014-01-15,2019-04-08,,,
Kahului Mid,PIRAT.PFRL,PIRAT,MID PACIFIC,Acoustic,20.92818,-156.45049,unknown,active,deployed,2014-01-15,2019-04-08,,,
Kalama Deep,PIRAT.PFRL,PIRAT,MID PACIFIC,Acoustic,20.71473,-156.48593,unknown,active,deployed,2013-10-21,2019-04-06,,,
Kalama Shallow,PIRAT.PFRL,PIRAT,MID PACIFIC,Acoustic,20.72546,-156.45827,unknown,active,deployed,2013-10-21,2018-01-26,,,
Kaneohe Bay Lilipuna,PIRAT.PFRL,PIRAT,MID PACIFIC,Acoustic,21.43198,-157.79348,unknown,active,deployed,2012-08-27,2018-09-20,,,
Kaneohe Bay Midbay,PIRAT.PFRL,PIRAT,MID PACIFIC,Acoustic,21.46295,-157.81978,unknown,active,deployed,2009-04-14,2018-09-19,,,
Kaneohe Bay North Channel GR5,PIRAT.PFRL,PIRAT,MID PACIFIC,Acoustic,21.49908,-157.82785,unknown,active,deployed,2011-08-03,2021-10-03,,,
Kaneohe Bay Reef 44,PIRAT.PFRL,PIRAT,MID PACIFIC,Acoustic,21.4767,-157.8299,unknown,active,deployed,2011-08-03,2018-09-19,,,
Kipapa  Deep,PIRAT.PFRL,PIRAT,MID PACIFIC,Acoustic,21.50922,-157.76558,unknown,active,deployed,2012-12-07,2019-11-27,,,
Kipapa Medium,PIRAT.PFRL,PIRAT,MID PACIFIC,Acoustic,21.49728,-157.77423,unknown,active,deployed,2012-12-07,2018-10-04,,,
Kipapa Shallow,PIRAT.PFRL,PIRAT,MID PACIFIC,Acoustic,21.49008,-157.7788,unknown,active,deployed,2012-12-07,2019-11-27,,,
LAYSAN SOUTH END,PIRAT.PFRL,PIRAT,MID PACIFIC,Acoustic,25.75463,-171.71562,unknown,active,deployed,2006-09-10,2009-06-28,,,
LAYSAN WEST COVE CHANNEL,PIRAT.PFRL,PIRAT,MID PACIFIC,Acoustic,25.77395,-171.74248,unknown,active,deployed,2006-09-10,2007-07-25,,,
LEHUA CRATER,PIRAT.PFRL,PIRAT,MID PACIFIC,Acoustic,22.02951,-160.09802,unknown,active,deployed,2007-10-15,2008-03-20,,,
LESLIE MOORINGS,PIRAT.PFRL,PIRAT,MID PACIFIC,Acoustic,19.47431,-155.9243,unknown,active,deployed,2005-12-10,2010-12-19,,,
LISIANSKI EAST SIDE OF ISLAND,PIRAT.PFRL,PIRAT,MID PACIFIC,Acoustic,26.05728,-173.95957,unknown,active,deployed,2006-09-26,2011-09-15,,,
LISIANSKI SOUTH NEVA SHOALS,PIRAT.PFRL,PIRAT,MID PACIFIC,Acoustic,25.88237,-173.91573,unknown,active,deployed,2006-09-26,2011-09-15,,,
LOA POINT,PIRAT.PFRL,PIRAT,MID PACIFIC,Acoustic,19.39632,-155.91218,unknown,active,deployed,2003-12-14,2012-03-21,,,
Laniakea,PIRAT.PFRL,PIRAT,MID PACIFIC,Acoustic,21.62202,-158.09088,unknown,active,deployed,2008-09-12,2018-09-10,,,
MAKALAWENA,PIRAT.PFRL,PIRAT,MID PACIFIC,Acoustic,19.79,-156.05,unknown,active,deployed,2004-01-07,2012-03-20,,,
MAKENA PT,PIRAT.PFRL,PIRAT,MID PACIFIC,Acoustic,20.63496,-156.45558,unknown,active,deployed,2014-07-24,2019-04-06,,,
MAKOLEA POINT,PIRAT.PFRL,PIRAT,MID PACIFIC,Acoustic,19.77577,-156.05168,unknown,active,deployed,2002-11-25,2012-03-20,,,
MANSION,PIRAT.PFRL,PIRAT,MID PACIFIC,Acoustic,19.46709,-155.92411,unknown,active,deployed,2005-12-10,2010-12-20,,,
MARO NORTH TIP,PIRAT.PFRL,PIRAT,MID PACIFIC,Acoustic,25.45842,-170.67104,unknown,active,deployed,2005-05-21,2006-09-07,,,
MARO SOUTH END,PIRAT.PFRL,PIRAT,MID PACIFIC,Acoustic,25.37815,-170.56727,unknown,active,deployed,2005-05-22,2005-09-21,,,
MIDWAY FISH HOLE,PIRAT.PFRL,PIRAT,MID PACIFIC,Acoustic,28.19742,-177.36272,unknown,active,deployed,2005-05-28,2016-06-02,,,
MIDWAY FRIGATE POINT,PIRAT.PFRL,PIRAT,MID PACIFIC,Acoustic,28.19117,-177.3945,unknown,active,deployed,2005-05-30,2017-09-17,,,
MIDWAY NORTH BARRIER REEF,PIRAT.PFRL,PIRAT,MID PACIFIC,Acoustic,28.2861,-177.36212,unknown,active,deployed,2009-06-23,2010-05-24,,,
MIDWAY NORTH FLATS,PIRAT.PFRL,PIRAT,MID PACIFIC,Acoustic,28.27664,-177.37214,unknown,active,deployed,2005-05-30,2008-08-18,,,
MOI CAGE MOORING,PIRAT.PFRL,PIRAT,MID PACIFIC,Acoustic,21.27606,-158.03651,unknown,active,deployed,2006-10-19,2009-12-18,,,
MOKUMANU,PIRAT.LHWI,PIRAT,MID PACIFIC,Transceiver,21.4659,-157.75846,43.89,active,deployed,2024-09-08,,,,
Moku Manu,PIRAT.PFRL,PIRAT,MID PACIFIC,Acoustic,21.50158,-157.79359,unknown,active,deployed,2009-05-30,,,,
NENUE POINT,PIRAT.PFRL,PIRAT,MID PACIFIC,Acoustic,19.51361,-155.96136,unknown,active,deployed,2008-01-16,2012-03-22,,,
NIHOA WEST SIDE,PIRAT.PFRL,PIRAT,MID PACIFIC,Acoustic,23.05985,-161.93477,unknown,active,deployed,2007-07-09,2009-08-09,,,
NIIHAU ARCHES,PIRAT.PFRL,PIRAT,MID PACIFIC,Acoustic,22.00831,-160.09871,unknown,active,deployed,2008-11-15,2009-10-22,,,
NSSA,PIRAT.PFRL,PIRAT,MID PACIFIC,Transceiver,21.61724,-158.15788,127,active,deployed,2024-04-29,,,,
North Shore Shark Adventures Buoy,PIRAT.PFRL,PIRAT,MID PACIFIC,Transceiver,21.62013,-158.15256,unknown,active,deployed,2007-05-03,2024-04-29,,,
OFF CON,PIRAT.PFRL,PIRAT,MID PACIFIC,Transceiver,21.62747,-158.13413,unknown,active,deployed,2022-08-15,,,,
OKOE BAY,PIRAT.PFRL,PIRAT,MID PACIFIC,Acoustic,19.1564,-155.91785,unknown,active,deployed,2003-01-14,2003-12-15,,,
OKOEBAY,PIRAT.LHWI,PIRAT,MID PACIFIC,Transceiver,19.14538,-155.92493,91.44,active,deployed,2020-10-17,2025-08-29,,,
Olowalu Deep,PIRAT.PFRL,PIRAT,MID PACIFIC,Acoustic,20.76218,-156.62425,unknown,active,deployed,2014-01-16,,,,
Olowalu Shallow,PIRAT.PFRL,PIRAT,MID PACIFIC,Acoustic,20.80102,-156.61725,unknown,active,deployed,2014-01-16,2019-04-06,,,
PHR DEEP LEDGE 1,PIRAT.PFRL,PIRAT,MID PACIFIC,Acoustic,27.76206,-175.98315,unknown,active,deployed,2011-09-14,2017-09-16,,,
PHR Main Channel,PIRAT.PFRL,PIRAT,MID PACIFIC,Acoustic,27.79092,-175.863,unknown,active,deployed,2005-05-24,2017-09-16,,,
PHR Meso Mid Channel,PIRAT.PFRL,PIRAT,MID PACIFIC,Acoustic,27.78388,-175.85747,unknown,active,deployed,2014-09-17,2019-07-27,,,
PHR Meso Mid Ledge,PIRAT.PFRL,PIRAT,MID PACIFIC,Acoustic,27.76528,-175.89598,unknown,active,deployed,2014-09-18,2017-09-16,,,
PHR NE Side,PIRAT.PFRL,PIRAT,MID PACIFIC,Acoustic,27.90115,-175.72205,unknown,active,deployed,2007-09-01,,,,
PHR NW SIDE,PIRAT.PFRL,PIRAT,MID PACIFIC,Acoustic,27.91095,-175.9089,unknown,active,deployed,2005-05-27,2017-09-15,,,
PHR SE Channel,PIRAT.PFRL,PIRAT,MID PACIFIC,Acoustic,27.78702,-175.83623,unknown,active,deployed,2005-05-24,2017-09-16,,,
PHR SW CORNER,PIRAT.PFRL,PIRAT,MID PACIFIC,Acoustic,27.7529,-175.94805,unknown,active,deployed,2005-05-24,2017-09-16,,,
PHR WEST SPUR AND GROOVE,PIRAT.PFRL,PIRAT,MID PACIFIC,Acoustic,27.80215,-176.01095,unknown,active,deployed,2007-08-30,2017-09-15,,,
PUAKO,PIRAT.PFRL,PIRAT,MID PACIFIC,Acoustic,19.9648,-155.85842,unknown,active,deployed,2003-01-31,2012-03-20,,,
Pailolo,PIRAT.PFRL,PIRAT,MID PACIFIC,Acoustic,21.12643,-156.70389,unknown,active,deployed,2015-06-30,,,,
Palauea Deep,PIRAT.PFRL,PIRAT,MID PACIFIC,Acoustic,20.66659,-156.46616,unknown,active,deployed,2013-10-21,,,,
Palauea Shallow,PIRAT.PFRL,PIRAT,MID PACIFIC,Acoustic,20.66983,-156.44591,unknown,active,deployed,2013-10-21,2019-04-06,,,
R1-SUB_A,PIRAT.MNUI,PIRAT,MID PACIFIC,Acoustic,20.63359,-156.49791,14.716000000000001,active,deployed,2015-08-28,2016-09-05,,,
R10-LA PEROUSE,PIRAT.MNUI,PIRAT,MID PACIFIC,Acoustic,20.57911,-156.41499,19.288,active,deployed,2015-08-24,2016-09-05,,,
R11-LAE OKAKA,PIRAT.MNUI,PIRAT,MID PACIFIC,Acoustic,20.50659,-156.54376,126.5776,active,deployed,2015-08-27,2016-03-16,,,
R2-SUB_A,PIRAT.MNUI,PIRAT,MID PACIFIC,Acoustic,20.63229,-156.49693,14.716000000000001,active,deployed,2015-08-27,2016-12-07,,,
R3-SUB_A,PIRAT.MNUI,PIRAT,MID PACIFIC,Acoustic,20.6332,-156.49524,27.2128,active,deployed,2015-08-28,2016-09-05,,,
R4-MCGREGER POINT,PIRAT.MNUI,PIRAT,MID PACIFIC,Acoustic,20.77413,-156.52092,24.4696,active,deployed,2015-08-29,2017-01-10,,,
R5-SUB_B,PIRAT.MNUI,PIRAT,MID PACIFIC,Acoustic,20.63042,-156.49553,19.288,active,deployed,2015-08-27,2016-09-05,,,
R6-NORTH SEA MOUNT,PIRAT.MNUI,PIRAT,MID PACIFIC,Acoustic,20.66218,-156.49823,115.90960000000001,active,deployed,2015-08-29,,,,
R7-KAUPO,PIRAT.MNUI,PIRAT,MID PACIFIC,Acoustic,20.62827,-156.11826,25.384,active,deployed,2015-08-28,2016-12-07,,,
R8-HAKIOAWA KIR,PIRAT.MNUI,PIRAT,MID PACIFIC,Acoustic,20.59367,-156.551,14.716000000000001,active,deployed,2013-06-13,,,,
R9-NORTH KIR,PIRAT.MNUI,PIRAT,MID PACIFIC,Acoustic,20.60172,-156.61555,89.08720000000001,active,deployed,2015-08-27,2016-03-16,,,
ROBS REEF/THREE ROOM CAVE,PIRAT.PFRL,PIRAT,MID PACIFIC,Acoustic,19.33052,-155.88675,unknown,active,deployed,2003-01-13,2012-03-21,,,
SAND ISLAND,PIRAT.PFRL,PIRAT,MID PACIFIC,Acoustic,21.28772,-157.88872,unknown,active,deployed,2007-03-13,2007-10-01,,,
SIXGILL 2,PIRAT.PFRL,PIRAT,MID PACIFIC,Acoustic,21.48795,-157.75591,unknown,active,deployed,2019-04-28,2020-01-23,,,
SLIP J-29,PIRAT.PFRL,PIRAT,MID PACIFIC,Acoustic,19.66923,-156.02313,unknown,active,deployed,2003-08-03,2008-02-10,,,
SOUTHPOINT,PIRAT.LHWI,PIRAT,MID PACIFIC,Transceiver,18.86668,-155.68187,128.016,active,deployed,2021-10-31,2022-12-01,,,
SUCK-EM-UP,PIRAT.PFRL,PIRAT,MID PACIFIC,Acoustic,19.69147,-156.04177,unknown,active,deployed,2003-10-08,2008-08-17,,,
SURFER POINT,PIRAT.PFRL,PIRAT,MID PACIFIC,Acoustic,19.4633,-155.92659,unknown,active,deployed,2005-12-10,2012-03-21,,,
Sunset Beach,PIRAT.PFRL,PIRAT,MID PACIFIC,Acoustic,21.6771,-158.04376,unknown,active,deployed,2014-08-20,,,,
TURTLE CENTRAL FINGER,PIRAT.PFRL,PIRAT,MID PACIFIC,Acoustic,19.67278,-156.0323,unknown,active,deployed,2003-08-28,2004-12-22,,,
TURTLE HEAVEN,PIRAT.PFRL,PIRAT,MID PACIFIC,Acoustic,19.67,-156.02,unknown,active,deployed,2003-12-09,2008-08-22,,,
TURTLE PAI,PIRAT.PFRL,PIRAT,MID PACIFIC,Acoustic,19.67118,-156.03,unknown,active,deployed,2003-08-27,2003-12-09,,,
TURTLE PINNACLE,PIRAT.PFRL,PIRAT,MID PACIFIC,Acoustic,19.67163,-156.03112,unknown,active,deployed,2003-08-27,2008-08-16,,,
Turtle Cave,PIRAT.PFRL,PIRAT,MID PACIFIC,Acoustic,21.47389,-157.77861,unknown,active,deployed,2011-08-02,2021-10-03,,,
Ulua Barge,PIRAT.PFRL,PIRAT,MID PACIFIC,Acoustic,21.52571,-157.81158,unknown,active,deployed,2012-09-20,,,,
Ulua Cave Kaneohe,PIRAT.PFRL,PIRAT,MID PACIFIC,Acoustic,21.50165,-157.79363,unknown,active,deployed,2009-12-09,2021-10-03,,,
WAIKIKI EAST DEEP,PIRAT.PFRL,PIRAT,MID PACIFIC,Acoustic,21.2716,-157.86293,183,active,deployed,2012-04-26,2018-11-08,,,
WAIKIKI WEST DEEP,PIRAT.PFRL,PIRAT,MID PACIFIC,Acoustic,21.27442,-157.89825,183,active,deployed,2012-04-26,2021-12-18,,,
WAIMEA OCEANOGRAPHIC BUOY,PIRAT.PFRL,PIRAT,MID PACIFIC,Acoustic,21.66617,-158.12233,unknown,active,deployed,2007-05-03,2007-08-08,,,
WHOT BUOY,PIRAT.HCTP,PIRAT,MID PACIFIC,Acoustic,22.766,-157.8993,5000.0,active,deployed,2018-09-01,2023-06-19,,,
Waiehu Shallow,PIRAT.PFRL,PIRAT,MID PACIFIC,Acoustic,20.90974,-156.47993,unknown,active,deployed,2014-01-15,2015-06-28,,,
Waikiki East Mid,PIRAT.PFRL,PIRAT,MID PACIFIC,Acoustic,21.27402,-157.85913,73,active,deployed,2012-04-26,,,,
Waikiki East Shallow,PIRAT.PFRL,PIRAT,MID PACIFIC,Acoustic,21.27628,-157.85495,unknown,active,deployed,2012-11-28,2018-11-08,,,
Waikiki West Mid,PIRAT.PFRL,PIRAT,MID PACIFIC,Acoustic,21.28035,-157.89583,73,active,deployed,2011-12-01,2018-11-09,,,
Waikiki West Shallow,PIRAT.PFRL,PIRAT,MID PACIFIC,Acoustic,21.28347,-157.8932,37,active,deployed,2012-04-26,2018-11-09,,,
Waimea Bay,PIRAT.PFRL,PIRAT,MID PACIFIC,Acoustic,21.64316,-158.07024,unknown,active,deployed,2008-09-14,2018-09-10,,,
1A45FSW,PIRAT.MOLOKI,PIRAT,MID PACIFIC,Acoustic,20.63359,-156.49791,unknown,active,deployed,2020-05-23,,,,
2A45FSW,PIRAT.MOLOKI,PIRAT,MID PACIFIC,Acoustic,20.63229,-156.49693,unknown,active,deployed,2020-05-23,,,,
3A89FSW,PIRAT.MOLOKI,PIRAT,MID PACIFIC,Acoustic,20.63309,-156.49512,unknown,active,deployed,2020-05-23,,,,
4B46FSW,PIRAT.MOLOKI,PIRAT,MID PACIFIC,Acoustic,20.63283,-156.49309,unknown,active,deployed,2020-05-23,,,,
5B60FSW,PIRAT.MOLOKI,PIRAT,MID PACIFIC,Acoustic,20.63042,-156.49553,unknown,active,deployed,2020-05-23,,,,
6B55FSW,PIRAT.MOLOKI,PIRAT,MID PACIFIC,Acoustic,20.63041,-156.49782,unknown,active,deployed,2020-05-23,,,,
7B68FSW,PIRAT.MOLOKI,PIRAT,MID PACIFIC,Acoustic,20.63162,-156.49919,unknown,active,deployed,2020-05-23,,,,
